﻿<?xml version="1.0" encoding="utf-8" ?>

<!-- You can edit this file manually or with the Util/CrypDocumentationEditor -->
<documentation>
  <language culture="en"/>
  <language culture="de-DE"/>

  <introduction lang="en">    
  </introduction>

  <introduction lang="de-DE">    
  </introduction>

  <usage lang="en">
  </usage>

  <usage lang="de-DE">
  </usage>
  
  <presentation lang="en">
  </presentation>
  
  <presentation lang="de-DE">
  </presentation>
  
  <references>
  </references>
</documentation>